current,voltage,welding_speed,plate_thickness,welding_type,heat_input,tensile_strength,flexural_strength,hardness_value,residual_stress
160,32,120,6,GTAW,1536,432.6,236.2,102.5,152
100,28,120,8,GTAW,840,382.4,360.8,86.4,90.5
160,28,90,10,GTAW,1792,422.8,230,105,165.4
130,32,90,8,GTAW,1664,426.5,320.6,103,158.6
130,24,120,10,GTAW,936,394.6,345,80.5,108.6
100,32,150,10,GTAW,768,378.5,394.4,65,82
100,24,90,6,GTAW,960,396.5,336.8,90.6,125.8
160,24,150,8,GTAW,922,392.8,302.5,76.8,102.5
130,28,150,6,GTAW,874,383.6,386.2,48.8,96.6
